name	file	offset	length	dtype	shape
lm_head.weight	model-00002-of-00002.safetensors	7576	1158266880	BF16	201088x2880
model.embed_tokens.weight	model-00002-of-00002.safetensors	1158274456	1158266880	BF16	201088x2880
model.layers.0.input_layernorm.weight	model-00000-of-00002.safetensors	22248	5760	BF16	2880
model.layers.0.mlp.experts.down_proj_bias	model-00000-of-00002.safetensors	28008	184320	BF16	32x2880
model.layers.0.mlp.experts.down_proj_blocks	model-00000-of-00002.safetensors	562128488	132710400	U8	32x2880x90x16
model.layers.0.mlp.experts.down_proj_scales	model-00000-of-00002.safetensors	694838888	8294400	U8	32x2880x90
model.layers.0.mlp.experts.gate_up_proj_bias	model-00000-of-00002.safetensors	212328	368640	BF16	32x5760
model.layers.0.mlp.experts.gate_up_proj_blocks	model-00000-of-00002.safetensors	703133288	265420800	U8	32x5760x90x16
model.layers.0.mlp.experts.gate_up_proj_scales	model-00000-of-00002.safetensors	968554088	16588800	U8	32x5760x90
model.layers.0.mlp.router.bias	model-00000-of-00002.safetensors	580968	64	BF16	32
model.layers.0.mlp.router.weight	model-00000-of-00002.safetensors	581032	184320	BF16	32x2880
model.layers.0.post_attention_layernorm.weight	model-00000-of-00002.safetensors	765352	5760	BF16	2880
model.layers.0.self_attn.k_proj.bias	model-00000-of-00002.safetensors	771112	1024	BF16	512
model.layers.0.self_attn.k_proj.weight	model-00000-of-00002.safetensors	772136	2949120	BF16	512x2880
model.layers.0.self_attn.o_proj.bias	model-00000-of-00002.safetensors	3721256	5760	BF16	2880
model.layers.0.self_attn.o_proj.weight	model-00000-of-00002.safetensors	3727016	23592960	BF16	2880x4096
model.layers.0.self_attn.q_proj.bias	model-00000-of-00002.safetensors	27319976	8192	BF16	4096
model.layers.0.self_attn.q_proj.weight	model-00000-of-00002.safetensors	27328168	23592960	BF16	4096x2880
model.layers.0.self_attn.sinks	model-00000-of-00002.safetensors	50921128	128	BF16	64
model.layers.0.self_attn.v_proj.bias	model-00000-of-00002.safetensors	50921256	1024	BF16	512
model.layers.0.self_attn.v_proj.weight	model-00000-of-00002.safetensors	50922280	2949120	BF16	512x2880
model.layers.1.input_layernorm.weight	model-00000-of-00002.safetensors	53871400	5760	BF16	2880
model.layers.1.mlp.experts.down_proj_bias	model-00000-of-00002.safetensors	53877160	184320	BF16	32x2880
model.layers.1.mlp.experts.down_proj_blocks	model-00000-of-00002.safetensors	985142888	132710400	U8	32x2880x90x16
model.layers.1.mlp.experts.down_proj_scales	model-00000-of-00002.safetensors	1117853288	8294400	U8	32x2880x90
model.layers.1.mlp.experts.gate_up_proj_bias	model-00000-of-00002.safetensors	54061480	368640	BF16	32x5760
model.layers.1.mlp.experts.gate_up_proj_blocks	model-00000-of-00002.safetensors	1126147688	265420800	U8	32x5760x90x16
model.layers.1.mlp.experts.gate_up_proj_scales	model-00000-of-00002.safetensors	1391568488	16588800	U8	32x5760x90
model.layers.1.mlp.router.bias	model-00000-of-00002.safetensors	54430120	64	BF16	32
model.layers.1.mlp.router.weight	model-00000-of-00002.safetensors	54430184	184320	BF16	32x2880
model.layers.1.post_attention_layernorm.weight	model-00000-of-00002.safetensors	54614504	5760	BF16	2880
model.layers.1.self_attn.k_proj.bias	model-00000-of-00002.safetensors	54620264	1024	BF16	512
model.layers.1.self_attn.k_proj.weight	model-00000-of-00002.safetensors	54621288	2949120	BF16	512x2880
model.layers.1.self_attn.o_proj.bias	model-00000-of-00002.safetensors	57570408	5760	BF16	2880
model.layers.1.self_attn.o_proj.weight	model-00000-of-00002.safetensors	57576168	23592960	BF16	2880x4096
model.layers.1.self_attn.q_proj.bias	model-00000-of-00002.safetensors	81169128	8192	BF16	4096
model.layers.1.self_attn.q_proj.weight	model-00000-of-00002.safetensors	81177320	23592960	BF16	4096x2880
model.layers.1.self_attn.sinks	model-00000-of-00002.safetensors	104770280	128	BF16	64
model.layers.1.self_attn.v_proj.bias	model-00000-of-00002.safetensors	104770408	1024	BF16	512
model.layers.1.self_attn.v_proj.weight	model-00000-of-00002.safetensors	104771432	2949120	BF16	512x2880
model.layers.10.input_layernorm.weight	model-00000-of-00002.safetensors	107720552	5760	BF16	2880
model.layers.10.mlp.experts.down_proj_bias	model-00000-of-00002.safetensors	107726312	184320	BF16	32x2880
model.layers.10.mlp.experts.down_proj_blocks	model-00000-of-00002.safetensors	1408157288	132710400	U8	32x2880x90x16
model.layers.10.mlp.experts.down_proj_scales	model-00000-of-00002.safetensors	1540867688	8294400	U8	32x2880x90
model.layers.10.mlp.experts.gate_up_proj_bias	model-00000-of-00002.safetensors	107910632	368640	BF16	32x5760
model.layers.10.mlp.experts.gate_up_proj_blocks	model-00000-of-00002.safetensors	1549162088	265420800	U8	32x5760x90x16
model.layers.10.mlp.experts.gate_up_proj_scales	model-00000-of-00002.safetensors	1814582888	16588800	U8	32x5760x90
model.layers.10.mlp.router.bias	model-00000-of-00002.safetensors	108279272	64	BF16	32
model.layers.10.mlp.router.weight	model-00000-of-00002.safetensors	108279336	184320	BF16	32x2880
model.layers.10.post_attention_layernorm.weight	model-00000-of-00002.safetensors	108463656	5760	BF16	2880
model.layers.10.self_attn.k_proj.bias	model-00000-of-00002.safetensors	108469416	1024	BF16	512
model.layers.10.self_attn.k_proj.weight	model-00000-of-00002.safetensors	108470440	2949120	BF16	512x2880
model.layers.10.self_attn.o_proj.bias	model-00000-of-00002.safetensors	111419560	5760	BF16	2880
model.layers.10.self_attn.o_proj.weight	model-00000-of-00002.safetensors	111425320	23592960	BF16	2880x4096
model.layers.10.self_attn.q_proj.bias	model-00000-of-00002.safetensors	135018280	8192	BF16	4096
model.layers.10.self_attn.q_proj.weight	model-00000-of-00002.safetensors	135026472	23592960	BF16	4096x2880
model.layers.10.self_attn.sinks	model-00000-of-00002.safetensors	158619432	128	BF16	64
model.layers.10.self_attn.v_proj.bias	model-00000-of-00002.safetensors	158619560	1024	BF16	512
model.layers.10.self_attn.v_proj.weight	model-00000-of-00002.safetensors	158620584	2949120	BF16	512x2880
model.layers.11.input_layernorm.weight	model-00000-of-00002.safetensors	161569704	5760	BF16	2880
model.layers.11.mlp.experts.down_proj_bias	model-00000-of-00002.safetensors	161575464	184320	BF16	32x2880
model.layers.11.mlp.experts.down_proj_blocks	model-00000-of-00002.safetensors	1831171688	132710400	U8	32x2880x90x16
model.layers.11.mlp.experts.down_proj_scales	model-00000-of-00002.safetensors	1963882088	8294400	U8	32x2880x90
model.layers.11.mlp.experts.gate_up_proj_bias	model-00000-of-00002.safetensors	161759784	368640	BF16	32x5760
model.layers.11.mlp.experts.gate_up_proj_blocks	model-00000-of-00002.safetensors	1972176488	265420800	U8	32x5760x90x16
model.layers.11.mlp.experts.gate_up_proj_scales	model-00000-of-00002.safetensors	2237597288	16588800	U8	32x5760x90
model.layers.11.mlp.router.bias	model-00000-of-00002.safetensors	162128424	64	BF16	32
model.layers.11.mlp.router.weight	model-00000-of-00002.safetensors	162128488	184320	BF16	32x2880
model.layers.11.post_attention_layernorm.weight	model-00000-of-00002.safetensors	162312808	5760	BF16	2880
model.layers.11.self_attn.k_proj.bias	model-00000-of-00002.safetensors	162318568	1024	BF16	512
model.layers.11.self_attn.k_proj.weight	model-00000-of-00002.safetensors	162319592	2949120	BF16	512x2880
model.layers.11.self_attn.o_proj.bias	model-00000-of-00002.safetensors	165268712	5760	BF16	2880
model.layers.11.self_attn.o_proj.weight	model-00000-of-00002.safetensors	165274472	23592960	BF16	2880x4096
model.layers.11.self_attn.q_proj.bias	model-00000-of-00002.safetensors	188867432	8192	BF16	4096
model.layers.11.self_attn.q_proj.weight	model-00000-of-00002.safetensors	188875624	23592960	BF16	4096x2880
model.layers.11.self_attn.sinks	model-00000-of-00002.safetensors	212468584	128	BF16	64
model.layers.11.self_attn.v_proj.bias	model-00000-of-00002.safetensors	212468712	1024	BF16	512
model.layers.11.self_attn.v_proj.weight	model-00000-of-00002.safetensors	212469736	2949120	BF16	512x2880
model.layers.12.input_layernorm.weight	model-00000-of-00002.safetensors	215418856	5760	BF16	2880
model.layers.12.mlp.experts.down_proj_bias	model-00000-of-00002.safetensors	215424616	184320	BF16	32x2880
model.layers.12.mlp.experts.down_proj_blocks	model-00000-of-00002.safetensors	2254186088	132710400	U8	32x2880x90x16
model.layers.12.mlp.experts.down_proj_scales	model-00000-of-00002.safetensors	2386896488	8294400	U8	32x2880x90
model.layers.12.mlp.experts.gate_up_proj_bias	model-00000-of-00002.safetensors	215608936	368640	BF16	32x5760
model.layers.12.mlp.experts.gate_up_proj_blocks	model-00000-of-00002.safetensors	2395190888	265420800	U8	32x5760x90x16
model.layers.12.mlp.experts.gate_up_proj_scales	model-00000-of-00002.safetensors	2660611688	16588800	U8	32x5760x90
model.layers.12.mlp.router.bias	model-00000-of-00002.safetensors	215977576	64	BF16	32
model.layers.12.mlp.router.weight	model-00000-of-00002.safetensors	215977640	184320	BF16	32x2880
model.layers.12.post_attention_layernorm.weight	model-00000-of-00002.safetensors	216161960	5760	BF16	2880
model.layers.12.self_attn.k_proj.bias	model-00000-of-00002.safetensors	216167720	1024	BF16	512
model.layers.12.self_attn.k_proj.weight	model-00000-of-00002.safetensors	216168744	2949120	BF16	512x2880
model.layers.12.self_attn.o_proj.bias	model-00000-of-00002.safetensors	219117864	5760	BF16	2880
model.layers.12.self_attn.o_proj.weight	model-00000-of-00002.safetensors	219123624	23592960	BF16	2880x4096
model.layers.12.self_attn.q_proj.bias	model-00000-of-00002.safetensors	242716584	8192	BF16	4096
model.layers.12.self_attn.q_proj.weight	model-00000-of-00002.safetensors	242724776	23592960	BF16	4096x2880
model.layers.12.self_attn.sinks	model-00000-of-00002.safetensors	266317736	128	BF16	64
model.layers.12.self_attn.v_proj.bias	model-00000-of-00002.safetensors	266317864	1024	BF16	512
model.layers.12.self_attn.v_proj.weight	model-00000-of-00002.safetensors	266318888	2949120	BF16	512x2880
model.layers.13.input_layernorm.weight	model-00000-of-00002.safetensors	269268008	5760	BF16	2880
model.layers.13.mlp.experts.down_proj_bias	model-00000-of-00002.safetensors	269273768	184320	BF16	32x2880
model.layers.13.mlp.experts.down_proj_blocks	model-00000-of-00002.safetensors	2677200488	132710400	U8	32x2880x90x16
model.layers.13.mlp.experts.down_proj_scales	model-00000-of-00002.safetensors	2809910888	8294400	U8	32x2880x90
model.layers.13.mlp.experts.gate_up_proj_bias	model-00000-of-00002.safetensors	269458088	368640	BF16	32x5760
model.layers.13.mlp.experts.gate_up_proj_blocks	model-00000-of-00002.safetensors	2818205288	265420800	U8	32x5760x90x16
model.layers.13.mlp.experts.gate_up_proj_scales	model-00000-of-00002.safetensors	3083626088	16588800	U8	32x5760x90
model.layers.13.mlp.router.bias	model-00000-of-00002.safetensors	269826728	64	BF16	32
model.layers.13.mlp.router.weight	model-00000-of-00002.safetensors	269826792	184320	BF16	32x2880
model.layers.13.post_attention_layernorm.weight	model-00000-of-00002.safetensors	270011112	5760	BF16	2880
model.layers.13.self_attn.k_proj.bias	model-00000-of-00002.safetensors	270016872	1024	BF16	512
model.layers.13.self_attn.k_proj.weight	model-00000-of-00002.safetensors	270017896	2949120	BF16	512x2880
model.layers.13.self_attn.o_proj.bias	model-00000-of-00002.safetensors	272967016	5760	BF16	2880
model.layers.13.self_attn.o_proj.weight	model-00000-of-00002.safetensors	272972776	23592960	BF16	2880x4096
model.layers.13.self_attn.q_proj.bias	model-00000-of-00002.safetensors	296565736	8192	BF16	4096
model.layers.13.self_attn.q_proj.weight	model-00000-of-00002.safetensors	296573928	23592960	BF16	4096x2880
model.layers.13.self_attn.sinks	model-00000-of-00002.safetensors	320166888	128	BF16	64
model.layers.13.self_attn.v_proj.bias	model-00000-of-00002.safetensors	320167016	1024	BF16	512
model.layers.13.self_attn.v_proj.weight	model-00000-of-00002.safetensors	320168040	2949120	BF16	512x2880
model.layers.14.input_layernorm.weight	model-00000-of-00002.safetensors	323117160	5760	BF16	2880
model.layers.14.mlp.experts.down_proj_bias	model-00000-of-00002.safetensors	323122920	184320	BF16	32x2880
model.layers.14.mlp.experts.down_proj_blocks	model-00000-of-00002.safetensors	3100214888	132710400	U8	32x2880x90x16
model.layers.14.mlp.experts.down_proj_scales	model-00000-of-00002.safetensors	3232925288	8294400	U8	32x2880x90
model.layers.14.mlp.experts.gate_up_proj_bias	model-00000-of-00002.safetensors	323307240	368640	BF16	32x5760
model.layers.14.mlp.experts.gate_up_proj_blocks	model-00000-of-00002.safetensors	3241219688	265420800	U8	32x5760x90x16
model.layers.14.mlp.experts.gate_up_proj_scales	model-00000-of-00002.safetensors	3506640488	16588800	U8	32x5760x90
model.layers.14.mlp.router.bias	model-00000-of-00002.safetensors	323675880	64	BF16	32
model.layers.14.mlp.router.weight	model-00000-of-00002.safetensors	323675944	184320	BF16	32x2880
model.layers.14.post_attention_layernorm.weight	model-00000-of-00002.safetensors	323860264	5760	BF16	2880
model.layers.14.self_attn.k_proj.bias	model-00000-of-00002.safetensors	323866024	1024	BF16	512
model.layers.14.self_attn.k_proj.weight	model-00000-of-00002.safetensors	323867048	2949120	BF16	512x2880
model.layers.14.self_attn.o_proj.bias	model-00000-of-00002.safetensors	326816168	5760	BF16	2880
model.layers.14.self_attn.o_proj.weight	model-00000-of-00002.safetensors	326821928	23592960	BF16	2880x4096
model.layers.14.self_attn.q_proj.bias	model-00000-of-00002.safetensors	350414888	8192	BF16	4096
model.layers.14.self_attn.q_proj.weight	model-00000-of-00002.safetensors	350423080	23592960	BF16	4096x2880
model.layers.14.self_attn.sinks	model-00000-of-00002.safetensors	374016040	128	BF16	64
model.layers.14.self_attn.v_proj.bias	model-00000-of-00002.safetensors	374016168	1024	BF16	512
model.layers.14.self_attn.v_proj.weight	model-00000-of-00002.safetensors	374017192	2949120	BF16	512x2880
model.layers.15.input_layernorm.weight	model-00000-of-00002.safetensors	376966312	5760	BF16	2880
model.layers.15.mlp.experts.down_proj_bias	model-00000-of-00002.safetensors	376972072	184320	BF16	32x2880
model.layers.15.mlp.experts.down_proj_blocks	model-00000-of-00002.safetensors	3523229288	132710400	U8	32x2880x90x16
model.layers.15.mlp.experts.down_proj_scales	model-00000-of-00002.safetensors	3655939688	8294400	U8	32x2880x90
model.layers.15.mlp.experts.gate_up_proj_bias	model-00000-of-00002.safetensors	377156392	368640	BF16	32x5760
model.layers.15.mlp.experts.gate_up_proj_blocks	model-00000-of-00002.safetensors	3664234088	265420800	U8	32x5760x90x16
model.layers.15.mlp.experts.gate_up_proj_scales	model-00000-of-00002.safetensors	3929654888	16588800	U8	32x5760x90
model.layers.15.mlp.router.bias	model-00000-of-00002.safetensors	377525032	64	BF16	32
model.layers.15.mlp.router.weight	model-00000-of-00002.safetensors	377525096	184320	BF16	32x2880
model.layers.15.post_attention_layernorm.weight	model-00000-of-00002.safetensors	377709416	5760	BF16	2880
model.layers.15.self_attn.k_proj.bias	model-00000-of-00002.safetensors	377715176	1024	BF16	512
model.layers.15.self_attn.k_proj.weight	model-00000-of-00002.safetensors	377716200	2949120	BF16	512x2880
model.layers.15.self_attn.o_proj.bias	model-00000-of-00002.safetensors	380665320	5760	BF16	2880
model.layers.15.self_attn.o_proj.weight	model-00000-of-00002.safetensors	380671080	23592960	BF16	2880x4096
model.layers.15.self_attn.q_proj.bias	model-00000-of-00002.safetensors	404264040	8192	BF16	4096
model.layers.15.self_attn.q_proj.weight	model-00000-of-00002.safetensors	404272232	23592960	BF16	4096x2880
model.layers.15.self_attn.sinks	model-00000-of-00002.safetensors	427865192	128	BF16	64
model.layers.15.self_attn.v_proj.bias	model-00000-of-00002.safetensors	427865320	1024	BF16	512
model.layers.15.self_attn.v_proj.weight	model-00000-of-00002.safetensors	427866344	2949120	BF16	512x2880
model.layers.16.input_layernorm.weight	model-00000-of-00002.safetensors	430815464	5760	BF16	2880
model.layers.16.mlp.experts.down_proj_bias	model-00000-of-00002.safetensors	430821224	184320	BF16	32x2880
model.layers.16.mlp.experts.down_proj_blocks	model-00000-of-00002.safetensors	3946243688	132710400	U8	32x2880x90x16
model.layers.16.mlp.experts.down_proj_scales	model-00000-of-00002.safetensors	4078954088	8294400	U8	32x2880x90
model.layers.16.mlp.experts.gate_up_proj_bias	model-00000-of-00002.safetensors	431005544	368640	BF16	32x5760
model.layers.16.mlp.experts.gate_up_proj_blocks	model-00000-of-00002.safetensors	4087248488	265420800	U8	32x5760x90x16
model.layers.16.mlp.experts.gate_up_proj_scales	model-00000-of-00002.safetensors	4352669288	16588800	U8	32x5760x90
model.layers.16.mlp.router.bias	model-00000-of-00002.safetensors	431374184	64	BF16	32
model.layers.16.mlp.router.weight	model-00000-of-00002.safetensors	431374248	184320	BF16	32x2880
model.layers.16.post_attention_layernorm.weight	model-00000-of-00002.safetensors	431558568	5760	BF16	2880
model.layers.16.self_attn.k_proj.bias	model-00000-of-00002.safetensors	431564328	1024	BF16	512
model.layers.16.self_attn.k_proj.weight	model-00000-of-00002.safetensors	431565352	2949120	BF16	512x2880
model.layers.16.self_attn.o_proj.bias	model-00000-of-00002.safetensors	434514472	5760	BF16	2880
model.layers.16.self_attn.o_proj.weight	model-00000-of-00002.safetensors	434520232	23592960	BF16	2880x4096
model.layers.16.self_attn.q_proj.bias	model-00000-of-00002.safetensors	458113192	8192	BF16	4096
model.layers.16.self_attn.q_proj.weight	model-00000-of-00002.safetensors	458121384	23592960	BF16	4096x2880
model.layers.16.self_attn.sinks	model-00000-of-00002.safetensors	481714344	128	BF16	64
model.layers.16.self_attn.v_proj.bias	model-00000-of-00002.safetensors	481714472	1024	BF16	512
model.layers.16.self_attn.v_proj.weight	model-00000-of-00002.safetensors	481715496	2949120	BF16	512x2880
model.layers.17.input_layernorm.weight	model-00000-of-00002.safetensors	484664616	5760	BF16	2880
model.layers.17.mlp.experts.down_proj_bias	model-00000-of-00002.safetensors	484670376	184320	BF16	32x2880
model.layers.17.mlp.experts.down_proj_blocks	model-00000-of-00002.safetensors	4369258088	132710400	U8	32x2880x90x16
model.layers.17.mlp.experts.down_proj_scales	model-00000-of-00002.safetensors	4501968488	8294400	U8	32x2880x90
model.layers.17.mlp.experts.gate_up_proj_bias	model-00000-of-00002.safetensors	484854696	368640	BF16	32x5760
model.layers.17.mlp.experts.gate_up_proj_blocks	model-00000-of-00002.safetensors	4510262888	265420800	U8	32x5760x90x16
model.layers.17.mlp.experts.gate_up_proj_scales	model-00000-of-00002.safetensors	4775683688	16588800	U8	32x5760x90
model.layers.17.mlp.router.bias	model-00000-of-00002.safetensors	485223336	64	BF16	32
model.layers.17.mlp.router.weight	model-00000-of-00002.safetensors	485223400	184320	BF16	32x2880
model.layers.17.post_attention_layernorm.weight	model-00000-of-00002.safetensors	485407720	5760	BF16	2880
model.layers.17.self_attn.k_proj.bias	model-00000-of-00002.safetensors	485413480	1024	BF16	512
model.layers.17.self_attn.k_proj.weight	model-00000-of-00002.safetensors	485414504	2949120	BF16	512x2880
model.layers.17.self_attn.o_proj.bias	model-00000-of-00002.safetensors	488363624	5760	BF16	2880
model.layers.17.self_attn.o_proj.weight	model-00000-of-00002.safetensors	488369384	23592960	BF16	2880x4096
model.layers.17.self_attn.q_proj.bias	model-00000-of-00002.safetensors	511962344	8192	BF16	4096
model.layers.17.self_attn.q_proj.weight	model-00000-of-00002.safetensors	511970536	23592960	BF16	4096x2880
model.layers.17.self_attn.sinks	model-00000-of-00002.safetensors	535563496	128	BF16	64
model.layers.17.self_attn.v_proj.bias	model-00000-of-00002.safetensors	535563624	1024	BF16	512
model.layers.17.self_attn.v_proj.weight	model-00000-of-00002.safetensors	535564648	2949120	BF16	512x2880
model.layers.18.input_layernorm.weight	model-00000-of-00002.safetensors	538513768	5760	BF16	2880
model.layers.18.mlp.experts.down_proj_bias	model-00001-of-00002.safetensors	22312	184320	BF16	32x2880
model.layers.18.mlp.experts.down_proj_blocks	model-00001-of-00002.safetensors	568558184	132710400	U8	32x2880x90x16
model.layers.18.mlp.experts.down_proj_scales	model-00001-of-00002.safetensors	701268584	8294400	U8	32x2880x90
model.layers.18.mlp.experts.gate_up_proj_bias	model-00001-of-00002.safetensors	206632	368640	BF16	32x5760
model.layers.18.mlp.experts.gate_up_proj_blocks	model-00001-of-00002.safetensors	709562984	265420800	U8	32x5760x90x16
model.layers.18.mlp.experts.gate_up_proj_scales	model-00001-of-00002.safetensors	974983784	16588800	U8	32x5760x90
model.layers.18.mlp.router.bias	model-00001-of-00002.safetensors	575272	64	BF16	32
model.layers.18.mlp.router.weight	model-00001-of-00002.safetensors	575336	184320	BF16	32x2880
model.layers.18.post_attention_layernorm.weight	model-00001-of-00002.safetensors	759656	5760	BF16	2880
model.layers.18.self_attn.k_proj.bias	model-00000-of-00002.safetensors	538519528	1024	BF16	512
model.layers.18.self_attn.k_proj.weight	model-00001-of-00002.safetensors	765416	2949120	BF16	512x2880
model.layers.18.self_attn.o_proj.bias	model-00000-of-00002.safetensors	538520552	5760	BF16	2880
model.layers.18.self_attn.o_proj.weight	model-00000-of-00002.safetensors	538526312	23592960	BF16	2880x4096
model.layers.18.self_attn.q_proj.bias	model-00000-of-00002.safetensors	562119272	8192	BF16	4096
model.layers.18.self_attn.q_proj.weight	model-00001-of-00002.safetensors	3714536	23592960	BF16	4096x2880
model.layers.18.self_attn.sinks	model-00001-of-00002.safetensors	27307496	128	BF16	64
model.layers.18.self_attn.v_proj.bias	model-00000-of-00002.safetensors	562127464	1024	BF16	512
model.layers.18.self_attn.v_proj.weight	model-00001-of-00002.safetensors	27307624	2949120	BF16	512x2880
model.layers.19.input_layernorm.weight	model-00001-of-00002.safetensors	30256744	5760	BF16	2880
model.layers.19.mlp.experts.down_proj_bias	model-00001-of-00002.safetensors	30262504	184320	BF16	32x2880
model.layers.19.mlp.experts.down_proj_blocks	model-00001-of-00002.safetensors	991572584	132710400	U8	32x2880x90x16
model.layers.19.mlp.experts.down_proj_scales	model-00001-of-00002.safetensors	1124282984	8294400	U8	32x2880x90
model.layers.19.mlp.experts.gate_up_proj_bias	model-00001-of-00002.safetensors	30446824	368640	BF16	32x5760
model.layers.19.mlp.experts.gate_up_proj_blocks	model-00001-of-00002.safetensors	1132577384	265420800	U8	32x5760x90x16
model.layers.19.mlp.experts.gate_up_proj_scales	model-00001-of-00002.safetensors	1397998184	16588800	U8	32x5760x90
model.layers.19.mlp.router.bias	model-00001-of-00002.safetensors	30815464	64	BF16	32
model.layers.19.mlp.router.weight	model-00001-of-00002.safetensors	30815528	184320	BF16	32x2880
model.layers.19.post_attention_layernorm.weight	model-00001-of-00002.safetensors	30999848	5760	BF16	2880
model.layers.19.self_attn.k_proj.bias	model-00001-of-00002.safetensors	31005608	1024	BF16	512
model.layers.19.self_attn.k_proj.weight	model-00001-of-00002.safetensors	31006632	2949120	BF16	512x2880
model.layers.19.self_attn.o_proj.bias	model-00001-of-00002.safetensors	33955752	5760	BF16	2880
model.layers.19.self_attn.o_proj.weight	model-00001-of-00002.safetensors	33961512	23592960	BF16	2880x4096
model.layers.19.self_attn.q_proj.bias	model-00001-of-00002.safetensors	57554472	8192	BF16	4096
model.layers.19.self_attn.q_proj.weight	model-00001-of-00002.safetensors	57562664	23592960	BF16	4096x2880
model.layers.19.self_attn.sinks	model-00001-of-00002.safetensors	81155624	128	BF16	64
model.layers.19.self_attn.v_proj.bias	model-00001-of-00002.safetensors	81155752	1024	BF16	512
model.layers.19.self_attn.v_proj.weight	model-00001-of-00002.safetensors	81156776	2949120	BF16	512x2880
model.layers.2.input_layernorm.weight	model-00001-of-00002.safetensors	84105896	5760	BF16	2880
model.layers.2.mlp.experts.down_proj_bias	model-00001-of-00002.safetensors	84111656	184320	BF16	32x2880
model.layers.2.mlp.experts.down_proj_blocks	model-00001-of-00002.safetensors	1414586984	132710400	U8	32x2880x90x16
model.layers.2.mlp.experts.down_proj_scales	model-00001-of-00002.safetensors	1547297384	8294400	U8	32x2880x90
model.layers.2.mlp.experts.gate_up_proj_bias	model-00001-of-00002.safetensors	84295976	368640	BF16	32x5760
model.layers.2.mlp.experts.gate_up_proj_blocks	model-00001-of-00002.safetensors	1555591784	265420800	U8	32x5760x90x16
model.layers.2.mlp.experts.gate_up_proj_scales	model-00001-of-00002.safetensors	1821012584	16588800	U8	32x5760x90
model.layers.2.mlp.router.bias	model-00001-of-00002.safetensors	84664616	64	BF16	32
model.layers.2.mlp.router.weight	model-00001-of-00002.safetensors	84664680	184320	BF16	32x2880
model.layers.2.post_attention_layernorm.weight	model-00001-of-00002.safetensors	84849000	5760	BF16	2880
model.layers.2.self_attn.k_proj.bias	model-00001-of-00002.safetensors	84854760	1024	BF16	512
model.layers.2.self_attn.k_proj.weight	model-00001-of-00002.safetensors	84855784	2949120	BF16	512x2880
model.layers.2.self_attn.o_proj.bias	model-00001-of-00002.safetensors	87804904	5760	BF16	2880
model.layers.2.self_attn.o_proj.weight	model-00001-of-00002.safetensors	87810664	23592960	BF16	2880x4096
model.layers.2.self_attn.q_proj.bias	model-00001-of-00002.safetensors	111403624	8192	BF16	4096
model.layers.2.self_attn.q_proj.weight	model-00001-of-00002.safetensors	111411816	23592960	BF16	4096x2880
model.layers.2.self_attn.sinks	model-00001-of-00002.safetensors	135004776	128	BF16	64
model.layers.2.self_attn.v_proj.bias	model-00001-of-00002.safetensors	135004904	1024	BF16	512
model.layers.2.self_attn.v_proj.weight	model-00001-of-00002.safetensors	135005928	2949120	BF16	512x2880
model.layers.20.input_layernorm.weight	model-00001-of-00002.safetensors	137955048	5760	BF16	2880
model.layers.20.mlp.experts.down_proj_bias	model-00001-of-00002.safetensors	137960808	184320	BF16	32x2880
model.layers.20.mlp.experts.down_proj_blocks	model-00001-of-00002.safetensors	1837601384	132710400	U8	32x2880x90x16
model.layers.20.mlp.experts.down_proj_scales	model-00001-of-00002.safetensors	1970311784	8294400	U8	32x2880x90
model.layers.20.mlp.experts.gate_up_proj_bias	model-00001-of-00002.safetensors	138145128	368640	BF16	32x5760
model.layers.20.mlp.experts.gate_up_proj_blocks	model-00001-of-00002.safetensors	1978606184	265420800	U8	32x5760x90x16
model.layers.20.mlp.experts.gate_up_proj_scales	model-00001-of-00002.safetensors	2244026984	16588800	U8	32x5760x90
model.layers.20.mlp.router.bias	model-00001-of-00002.safetensors	138513768	64	BF16	32
model.layers.20.mlp.router.weight	model-00001-of-00002.safetensors	138513832	184320	BF16	32x2880
model.layers.20.post_attention_layernorm.weight	model-00001-of-00002.safetensors	138698152	5760	BF16	2880
model.layers.20.self_attn.k_proj.bias	model-00001-of-00002.safetensors	138703912	1024	BF16	512
model.layers.20.self_attn.k_proj.weight	model-00001-of-00002.safetensors	138704936	2949120	BF16	512x2880
model.layers.20.self_attn.o_proj.bias	model-00001-of-00002.safetensors	141654056	5760	BF16	2880
model.layers.20.self_attn.o_proj.weight	model-00001-of-00002.safetensors	141659816	23592960	BF16	2880x4096
model.layers.20.self_attn.q_proj.bias	model-00001-of-00002.safetensors	165252776	8192	BF16	4096
model.layers.20.self_attn.q_proj.weight	model-00001-of-00002.safetensors	165260968	23592960	BF16	4096x2880
model.layers.20.self_attn.sinks	model-00001-of-00002.safetensors	188853928	128	BF16	64
model.layers.20.self_attn.v_proj.bias	model-00001-of-00002.safetensors	188854056	1024	BF16	512
model.layers.20.self_attn.v_proj.weight	model-00001-of-00002.safetensors	188855080	2949120	BF16	512x2880
model.layers.21.input_layernorm.weight	model-00001-of-00002.safetensors	191804200	5760	BF16	2880
model.layers.21.mlp.experts.down_proj_bias	model-00001-of-00002.safetensors	191809960	184320	BF16	32x2880
model.layers.21.mlp.experts.down_proj_blocks	model-00001-of-00002.safetensors	2260615784	132710400	U8	32x2880x90x16
model.layers.21.mlp.experts.down_proj_scales	model-00001-of-00002.safetensors	2393326184	8294400	U8	32x2880x90
model.layers.21.mlp.experts.gate_up_proj_bias	model-00001-of-00002.safetensors	191994280	368640	BF16	32x5760
model.layers.21.mlp.experts.gate_up_proj_blocks	model-00001-of-00002.safetensors	2401620584	265420800	U8	32x5760x90x16
model.layers.21.mlp.experts.gate_up_proj_scales	model-00001-of-00002.safetensors	2667041384	16588800	U8	32x5760x90
model.layers.21.mlp.router.bias	model-00001-of-00002.safetensors	192362920	64	BF16	32
model.layers.21.mlp.router.weight	model-00001-of-00002.safetensors	192362984	184320	BF16	32x2880
model.layers.21.post_attention_layernorm.weight	model-00001-of-00002.safetensors	192547304	5760	BF16	2880
model.layers.21.self_attn.k_proj.bias	model-00001-of-00002.safetensors	192553064	1024	BF16	512
model.layers.21.self_attn.k_proj.weight	model-00001-of-00002.safetensors	192554088	2949120	BF16	512x2880
model.layers.21.self_attn.o_proj.bias	model-00001-of-00002.safetensors	195503208	5760	BF16	2880
model.layers.21.self_attn.o_proj.weight	model-00001-of-00002.safetensors	195508968	23592960	BF16	2880x4096
model.layers.21.self_attn.q_proj.bias	model-00001-of-00002.safetensors	219101928	8192	BF16	4096
model.layers.21.self_attn.q_proj.weight	model-00001-of-00002.safetensors	219110120	23592960	BF16	4096x2880
model.layers.21.self_attn.sinks	model-00001-of-00002.safetensors	242703080	128	BF16	64
model.layers.21.self_attn.v_proj.bias	model-00001-of-00002.safetensors	242703208	1024	BF16	512
model.layers.21.self_attn.v_proj.weight	model-00001-of-00002.safetensors	242704232	2949120	BF16	512x2880
model.layers.22.input_layernorm.weight	model-00001-of-00002.safetensors	245653352	5760	BF16	2880
model.layers.22.mlp.experts.down_proj_bias	model-00001-of-00002.safetensors	245659112	184320	BF16	32x2880
model.layers.22.mlp.experts.down_proj_blocks	model-00001-of-00002.safetensors	2683630184	132710400	U8	32x2880x90x16
model.layers.22.mlp.experts.down_proj_scales	model-00001-of-00002.safetensors	2816340584	8294400	U8	32x2880x90
model.layers.22.mlp.experts.gate_up_proj_bias	model-00001-of-00002.safetensors	245843432	368640	BF16	32x5760
model.layers.22.mlp.experts.gate_up_proj_blocks	model-00001-of-00002.safetensors	2824634984	265420800	U8	32x5760x90x16
model.layers.22.mlp.experts.gate_up_proj_scales	model-00001-of-00002.safetensors	3090055784	16588800	U8	32x5760x90
model.layers.22.mlp.router.bias	model-00001-of-00002.safetensors	246212072	64	BF16	32
model.layers.22.mlp.router.weight	model-00001-of-00002.safetensors	246212136	184320	BF16	32x2880
model.layers.22.post_attention_layernorm.weight	model-00001-of-00002.safetensors	246396456	5760	BF16	2880
model.layers.22.self_attn.k_proj.bias	model-00001-of-00002.safetensors	246402216	1024	BF16	512
model.layers.22.self_attn.k_proj.weight	model-00001-of-00002.safetensors	246403240	2949120	BF16	512x2880
model.layers.22.self_attn.o_proj.bias	model-00001-of-00002.safetensors	249352360	5760	BF16	2880
model.layers.22.self_attn.o_proj.weight	model-00001-of-00002.safetensors	249358120	23592960	BF16	2880x4096
model.layers.22.self_attn.q_proj.bias	model-00001-of-00002.safetensors	272951080	8192	BF16	4096
model.layers.22.self_attn.q_proj.weight	model-00001-of-00002.safetensors	272959272	23592960	BF16	4096x2880
model.layers.22.self_attn.sinks	model-00001-of-00002.safetensors	296552232	128	BF16	64
model.layers.22.self_attn.v_proj.bias	model-00001-of-00002.safetensors	296552360	1024	BF16	512
model.layers.22.self_attn.v_proj.weight	model-00001-of-00002.safetensors	296553384	2949120	BF16	512x2880
model.layers.23.input_layernorm.weight	model-00001-of-00002.safetensors	299502504	5760	BF16	2880
model.layers.23.mlp.experts.down_proj_bias	model-00001-of-00002.safetensors	299508264	184320	BF16	32x2880
model.layers.23.mlp.experts.down_proj_blocks	model-00001-of-00002.safetensors	3106644584	132710400	U8	32x2880x90x16
model.layers.23.mlp.experts.down_proj_scales	model-00001-of-00002.safetensors	3239354984	8294400	U8	32x2880x90
model.layers.23.mlp.experts.gate_up_proj_bias	model-00001-of-00002.safetensors	299692584	368640	BF16	32x5760
model.layers.23.mlp.experts.gate_up_proj_blocks	model-00001-of-00002.safetensors	3247649384	265420800	U8	32x5760x90x16
model.layers.23.mlp.experts.gate_up_proj_scales	model-00001-of-00002.safetensors	3513070184	16588800	U8	32x5760x90
model.layers.23.mlp.router.bias	model-00001-of-00002.safetensors	300061224	64	BF16	32
model.layers.23.mlp.router.weight	model-00001-of-00002.safetensors	300061288	184320	BF16	32x2880
model.layers.23.post_attention_layernorm.weight	model-00001-of-00002.safetensors	300245608	5760	BF16	2880
model.layers.23.self_attn.k_proj.bias	model-00001-of-00002.safetensors	300251368	1024	BF16	512
model.layers.23.self_attn.k_proj.weight	model-00001-of-00002.safetensors	300252392	2949120	BF16	512x2880
model.layers.23.self_attn.o_proj.bias	model-00001-of-00002.safetensors	303201512	5760	BF16	2880
model.layers.23.self_attn.o_proj.weight	model-00001-of-00002.safetensors	303207272	23592960	BF16	2880x4096
model.layers.23.self_attn.q_proj.bias	model-00001-of-00002.safetensors	326800232	8192	BF16	4096
model.layers.23.self_attn.q_proj.weight	model-00001-of-00002.safetensors	326808424	23592960	BF16	4096x2880
model.layers.23.self_attn.sinks	model-00001-of-00002.safetensors	350401384	128	BF16	64
model.layers.23.self_attn.v_proj.bias	model-00001-of-00002.safetensors	350401512	1024	BF16	512
model.layers.23.self_attn.v_proj.weight	model-00001-of-00002.safetensors	350402536	2949120	BF16	512x2880
model.layers.3.input_layernorm.weight	model-00001-of-00002.safetensors	353351656	5760	BF16	2880
model.layers.3.mlp.experts.down_proj_bias	model-00001-of-00002.safetensors	353357416	184320	BF16	32x2880
model.layers.3.mlp.experts.down_proj_blocks	model-00001-of-00002.safetensors	3529658984	132710400	U8	32x2880x90x16
model.layers.3.mlp.experts.down_proj_scales	model-00001-of-00002.safetensors	3662369384	8294400	U8	32x2880x90
model.layers.3.mlp.experts.gate_up_proj_bias	model-00001-of-00002.safetensors	353541736	368640	BF16	32x5760
model.layers.3.mlp.experts.gate_up_proj_blocks	model-00001-of-00002.safetensors	3670663784	265420800	U8	32x5760x90x16
model.layers.3.mlp.experts.gate_up_proj_scales	model-00001-of-00002.safetensors	3936084584	16588800	U8	32x5760x90
model.layers.3.mlp.router.bias	model-00001-of-00002.safetensors	353910376	64	BF16	32
model.layers.3.mlp.router.weight	model-00001-of-00002.safetensors	353910440	184320	BF16	32x2880
model.layers.3.post_attention_layernorm.weight	model-00001-of-00002.safetensors	354094760	5760	BF16	2880
model.layers.3.self_attn.k_proj.bias	model-00001-of-00002.safetensors	354100520	1024	BF16	512
model.layers.3.self_attn.k_proj.weight	model-00001-of-00002.safetensors	354101544	2949120	BF16	512x2880
model.layers.3.self_attn.o_proj.bias	model-00001-of-00002.safetensors	357050664	5760	BF16	2880
model.layers.3.self_attn.o_proj.weight	model-00001-of-00002.safetensors	357056424	23592960	BF16	2880x4096
model.layers.3.self_attn.q_proj.bias	model-00001-of-00002.safetensors	380649384	8192	BF16	4096
model.layers.3.self_attn.q_proj.weight	model-00001-of-00002.safetensors	380657576	23592960	BF16	4096x2880
model.layers.3.self_attn.sinks	model-00001-of-00002.safetensors	404250536	128	BF16	64
model.layers.3.self_attn.v_proj.bias	model-00001-of-00002.safetensors	404250664	1024	BF16	512
model.layers.3.self_attn.v_proj.weight	model-00001-of-00002.safetensors	404251688	2949120	BF16	512x2880
model.layers.4.input_layernorm.weight	model-00001-of-00002.safetensors	407200808	5760	BF16	2880
model.layers.4.mlp.experts.down_proj_bias	model-00001-of-00002.safetensors	407206568	184320	BF16	32x2880
model.layers.4.mlp.experts.down_proj_blocks	model-00001-of-00002.safetensors	3952673384	132710400	U8	32x2880x90x16
model.layers.4.mlp.experts.down_proj_scales	model-00001-of-00002.safetensors	4085383784	8294400	U8	32x2880x90
model.layers.4.mlp.experts.gate_up_proj_bias	model-00001-of-00002.safetensors	407390888	368640	BF16	32x5760
model.layers.4.mlp.experts.gate_up_proj_blocks	model-00001-of-00002.safetensors	4093678184	265420800	U8	32x5760x90x16
model.layers.4.mlp.experts.gate_up_proj_scales	model-00001-of-00002.safetensors	4359098984	16588800	U8	32x5760x90
model.layers.4.mlp.router.bias	model-00001-of-00002.safetensors	407759528	64	BF16	32
model.layers.4.mlp.router.weight	model-00001-of-00002.safetensors	407759592	184320	BF16	32x2880
model.layers.4.post_attention_layernorm.weight	model-00001-of-00002.safetensors	407943912	5760	BF16	2880
model.layers.4.self_attn.k_proj.bias	model-00001-of-00002.safetensors	407949672	1024	BF16	512
model.layers.4.self_attn.k_proj.weight	model-00001-of-00002.safetensors	407950696	2949120	BF16	512x2880
model.layers.4.self_attn.o_proj.bias	model-00001-of-00002.safetensors	410899816	5760	BF16	2880
model.layers.4.self_attn.o_proj.weight	model-00001-of-00002.safetensors	410905576	23592960	BF16	2880x4096
model.layers.4.self_attn.q_proj.bias	model-00001-of-00002.safetensors	434498536	8192	BF16	4096
model.layers.4.self_attn.q_proj.weight	model-00001-of-00002.safetensors	434506728	23592960	BF16	4096x2880
model.layers.4.self_attn.sinks	model-00001-of-00002.safetensors	458099688	128	BF16	64
model.layers.4.self_attn.v_proj.bias	model-00001-of-00002.safetensors	458099816	1024	BF16	512
model.layers.4.self_attn.v_proj.weight	model-00001-of-00002.safetensors	458100840	2949120	BF16	512x2880
model.layers.5.input_layernorm.weight	model-00001-of-00002.safetensors	461049960	5760	BF16	2880
model.layers.5.mlp.experts.down_proj_bias	model-00001-of-00002.safetensors	461055720	184320	BF16	32x2880
model.layers.5.mlp.experts.down_proj_blocks	model-00001-of-00002.safetensors	4375687784	132710400	U8	32x2880x90x16
model.layers.5.mlp.experts.down_proj_scales	model-00001-of-00002.safetensors	4508398184	8294400	U8	32x2880x90
model.layers.5.mlp.experts.gate_up_proj_bias	model-00001-of-00002.safetensors	461240040	368640	BF16	32x5760
model.layers.5.mlp.experts.gate_up_proj_blocks	model-00001-of-00002.safetensors	4516692584	265420800	U8	32x5760x90x16
model.layers.5.mlp.experts.gate_up_proj_scales	model-00001-of-00002.safetensors	4782113384	16588800	U8	32x5760x90
model.layers.5.mlp.router.bias	model-00001-of-00002.safetensors	461608680	64	BF16	32
model.layers.5.mlp.router.weight	model-00001-of-00002.safetensors	461608744	184320	BF16	32x2880
model.layers.5.post_attention_layernorm.weight	model-00001-of-00002.safetensors	461793064	5760	BF16	2880
model.layers.5.self_attn.k_proj.bias	model-00001-of-00002.safetensors	461798824	1024	BF16	512
model.layers.5.self_attn.k_proj.weight	model-00001-of-00002.safetensors	461799848	2949120	BF16	512x2880
model.layers.5.self_attn.o_proj.bias	model-00001-of-00002.safetensors	464748968	5760	BF16	2880
model.layers.5.self_attn.o_proj.weight	model-00001-of-00002.safetensors	464754728	23592960	BF16	2880x4096
model.layers.5.self_attn.q_proj.bias	model-00001-of-00002.safetensors	488347688	8192	BF16	4096
model.layers.5.self_attn.q_proj.weight	model-00001-of-00002.safetensors	488355880	23592960	BF16	4096x2880
model.layers.5.self_attn.sinks	model-00001-of-00002.safetensors	511948840	128	BF16	64
model.layers.5.self_attn.v_proj.bias	model-00001-of-00002.safetensors	511948968	1024	BF16	512
model.layers.5.self_attn.v_proj.weight	model-00001-of-00002.safetensors	511949992	2949120	BF16	512x2880
model.layers.6.input_layernorm.weight	model-00001-of-00002.safetensors	514899112	5760	BF16	2880
model.layers.6.mlp.experts.down_proj_bias	model-00002-of-00002.safetensors	2316541336	184320	BF16	32x2880
model.layers.6.mlp.experts.down_proj_blocks	model-00002-of-00002.safetensors	2478284632	132710400	U8	32x2880x90x16
model.layers.6.mlp.experts.down_proj_scales	model-00002-of-00002.safetensors	2610995032	8294400	U8	32x2880x90
model.layers.6.mlp.experts.gate_up_proj_bias	model-00001-of-00002.safetensors	514904872	368640	BF16	32x5760
model.layers.6.mlp.experts.gate_up_proj_blocks	model-00002-of-00002.safetensors	2619289432	265420800	U8	32x5760x90x16
model.layers.6.mlp.experts.gate_up_proj_scales	model-00002-of-00002.safetensors	2884710232	16588800	U8	32x5760x90
model.layers.6.mlp.router.bias	model-00001-of-00002.safetensors	515273512	64	BF16	32
model.layers.6.mlp.router.weight	model-00001-of-00002.safetensors	515273576	184320	BF16	32x2880
model.layers.6.post_attention_layernorm.weight	model-00002-of-00002.safetensors	2316725656	5760	BF16	2880
model.layers.6.self_attn.k_proj.bias	model-00001-of-00002.safetensors	515457896	1024	BF16	512
model.layers.6.self_attn.k_proj.weight	model-00001-of-00002.safetensors	515458920	2949120	BF16	512x2880
model.layers.6.self_attn.o_proj.bias	model-00001-of-00002.safetensors	518408040	5760	BF16	2880
model.layers.6.self_attn.o_proj.weight	model-00001-of-00002.safetensors	518413800	23592960	BF16	2880x4096
model.layers.6.self_attn.q_proj.bias	model-00001-of-00002.safetensors	542006760	8192	BF16	4096
model.layers.6.self_attn.q_proj.weight	model-00001-of-00002.safetensors	542014952	23592960	BF16	4096x2880
model.layers.6.self_attn.sinks	model-00001-of-00002.safetensors	565607912	128	BF16	64
model.layers.6.self_attn.v_proj.bias	model-00001-of-00002.safetensors	565608040	1024	BF16	512
model.layers.6.self_attn.v_proj.weight	model-00001-of-00002.safetensors	565609064	2949120	BF16	512x2880
model.layers.7.input_layernorm.weight	model-00002-of-00002.safetensors	2316731416	5760	BF16	2880
model.layers.7.mlp.experts.down_proj_bias	model-00002-of-00002.safetensors	2316737176	184320	BF16	32x2880
model.layers.7.mlp.experts.down_proj_blocks	model-00002-of-00002.safetensors	2901299032	132710400	U8	32x2880x90x16
model.layers.7.mlp.experts.down_proj_scales	model-00002-of-00002.safetensors	3034009432	8294400	U8	32x2880x90
model.layers.7.mlp.experts.gate_up_proj_bias	model-00002-of-00002.safetensors	2316921496	368640	BF16	32x5760
model.layers.7.mlp.experts.gate_up_proj_blocks	model-00002-of-00002.safetensors	3042303832	265420800	U8	32x5760x90x16
model.layers.7.mlp.experts.gate_up_proj_scales	model-00002-of-00002.safetensors	3307724632	16588800	U8	32x5760x90
model.layers.7.mlp.router.bias	model-00002-of-00002.safetensors	2317290136	64	BF16	32
model.layers.7.mlp.router.weight	model-00002-of-00002.safetensors	2317290200	184320	BF16	32x2880
model.layers.7.post_attention_layernorm.weight	model-00002-of-00002.safetensors	2317474520	5760	BF16	2880
model.layers.7.self_attn.k_proj.bias	model-00002-of-00002.safetensors	2317480280	1024	BF16	512
model.layers.7.self_attn.k_proj.weight	model-00002-of-00002.safetensors	2317481304	2949120	BF16	512x2880
model.layers.7.self_attn.o_proj.bias	model-00002-of-00002.safetensors	2320430424	5760	BF16	2880
model.layers.7.self_attn.o_proj.weight	model-00002-of-00002.safetensors	2320436184	23592960	BF16	2880x4096
model.layers.7.self_attn.q_proj.bias	model-00002-of-00002.safetensors	2344029144	8192	BF16	4096
model.layers.7.self_attn.q_proj.weight	model-00002-of-00002.safetensors	2344037336	23592960	BF16	4096x2880
model.layers.7.self_attn.sinks	model-00002-of-00002.safetensors	2367630296	128	BF16	64
model.layers.7.self_attn.v_proj.bias	model-00002-of-00002.safetensors	2367630424	1024	BF16	512
model.layers.7.self_attn.v_proj.weight	model-00002-of-00002.safetensors	2367631448	2949120	BF16	512x2880
model.layers.8.input_layernorm.weight	model-00002-of-00002.safetensors	2370580568	5760	BF16	2880
model.layers.8.mlp.experts.down_proj_bias	model-00002-of-00002.safetensors	2370586328	184320	BF16	32x2880
model.layers.8.mlp.experts.down_proj_blocks	model-00002-of-00002.safetensors	3324313432	132710400	U8	32x2880x90x16
model.layers.8.mlp.experts.down_proj_scales	model-00002-of-00002.safetensors	3457023832	8294400	U8	32x2880x90
model.layers.8.mlp.experts.gate_up_proj_bias	model-00002-of-00002.safetensors	2370770648	368640	BF16	32x5760
model.layers.8.mlp.experts.gate_up_proj_blocks	model-00002-of-00002.safetensors	3465318232	265420800	U8	32x5760x90x16
model.layers.8.mlp.experts.gate_up_proj_scales	model-00002-of-00002.safetensors	3730739032	16588800	U8	32x5760x90
model.layers.8.mlp.router.bias	model-00002-of-00002.safetensors	2371139288	64	BF16	32
model.layers.8.mlp.router.weight	model-00002-of-00002.safetensors	2371139352	184320	BF16	32x2880
model.layers.8.post_attention_layernorm.weight	model-00002-of-00002.safetensors	2371323672	5760	BF16	2880
model.layers.8.self_attn.k_proj.bias	model-00002-of-00002.safetensors	2371329432	1024	BF16	512
model.layers.8.self_attn.k_proj.weight	model-00002-of-00002.safetensors	2371330456	2949120	BF16	512x2880
model.layers.8.self_attn.o_proj.bias	model-00002-of-00002.safetensors	2374279576	5760	BF16	2880
model.layers.8.self_attn.o_proj.weight	model-00002-of-00002.safetensors	2374285336	23592960	BF16	2880x4096
model.layers.8.self_attn.q_proj.bias	model-00002-of-00002.safetensors	2397878296	8192	BF16	4096
model.layers.8.self_attn.q_proj.weight	model-00002-of-00002.safetensors	2397886488	23592960	BF16	4096x2880
model.layers.8.self_attn.sinks	model-00002-of-00002.safetensors	2421479448	128	BF16	64
model.layers.8.self_attn.v_proj.bias	model-00002-of-00002.safetensors	2421479576	1024	BF16	512
model.layers.8.self_attn.v_proj.weight	model-00002-of-00002.safetensors	2421480600	2949120	BF16	512x2880
model.layers.9.input_layernorm.weight	model-00002-of-00002.safetensors	2424429720	5760	BF16	2880
model.layers.9.mlp.experts.down_proj_bias	model-00002-of-00002.safetensors	2424435480	184320	BF16	32x2880
model.layers.9.mlp.experts.down_proj_blocks	model-00002-of-00002.safetensors	3747327832	132710400	U8	32x2880x90x16
model.layers.9.mlp.experts.down_proj_scales	model-00002-of-00002.safetensors	3880038232	8294400	U8	32x2880x90
model.layers.9.mlp.experts.gate_up_proj_bias	model-00002-of-00002.safetensors	2424619800	368640	BF16	32x5760
model.layers.9.mlp.experts.gate_up_proj_blocks	model-00002-of-00002.safetensors	3888332632	265420800	U8	32x5760x90x16
model.layers.9.mlp.experts.gate_up_proj_scales	model-00002-of-00002.safetensors	4153753432	16588800	U8	32x5760x90
model.layers.9.mlp.router.bias	model-00002-of-00002.safetensors	2424988440	64	BF16	32
model.layers.9.mlp.router.weight	model-00002-of-00002.safetensors	2424988504	184320	BF16	32x2880
model.layers.9.post_attention_layernorm.weight	model-00002-of-00002.safetensors	2425172824	5760	BF16	2880
model.layers.9.self_attn.k_proj.bias	model-00002-of-00002.safetensors	2425178584	1024	BF16	512
model.layers.9.self_attn.k_proj.weight	model-00002-of-00002.safetensors	2425179608	2949120	BF16	512x2880
model.layers.9.self_attn.o_proj.bias	model-00002-of-00002.safetensors	2428128728	5760	BF16	2880
model.layers.9.self_attn.o_proj.weight	model-00002-of-00002.safetensors	2428134488	23592960	BF16	2880x4096
model.layers.9.self_attn.q_proj.bias	model-00002-of-00002.safetensors	2451727448	8192	BF16	4096
model.layers.9.self_attn.q_proj.weight	model-00002-of-00002.safetensors	2451735640	23592960	BF16	4096x2880
model.layers.9.self_attn.sinks	model-00002-of-00002.safetensors	2475328600	128	BF16	64
model.layers.9.self_attn.v_proj.bias	model-00002-of-00002.safetensors	2475328728	1024	BF16	512
model.layers.9.self_attn.v_proj.weight	model-00002-of-00002.safetensors	2475329752	2949120	BF16	512x2880
model.norm.weight	model-00002-of-00002.safetensors	2478278872	5760	BF16	2880
